text,label,note
"Everyone says the new course is faster but the results don't show it. Median finish was 3:58 last year on the old route and 3:56 this year. Two minutes across 4,000 runners is noise, not a faster course.",analysis,provided practice data
"Looked at my last three build-ups. The one where I capped long runs at 2 hours had my best race by 4 minutes, despite the lowest weekly mileage of the three. Time on feet past 2 hours was costing me the next four days.",analysis,provided practice data
"The 10% rule doesn't survive contact with actual training logs. I went from 30 to 50 miles a week over six weeks last autumn with no issues, and got injured the year before going up 8% a week. Consistency mattered more than the increment.",analysis,provided practice data
"Checked the splits from the top 20 finishers. Eighteen of them ran the second half slower, average positive split of 3:40. On a course billed as net downhill. Something about the back section is harder than the elevation profile suggests.",analysis,provided practice data
"Carbon plates gave me about 2% on paper and roughly nothing in races. Three time trials in each shoe on the same loop, same month: 19:42/19:38/19:51 in the plates, 19:47/19:55/19:44 in the trainers. The overlap is bigger than the gap.",analysis,provided practice data
"My heart rate drift over 90 minutes dropped from 11% to 4% across a year of easy running with no change in pace. That's the aerobic base people talk about, and it took eleven months to show up in the numbers.",analysis,provided practice data
Six of the last eight course records here were set in years when race-day temperature was under 10C. The two exceptions were both years with a strong tailwind on the back half. Weather explains more of the record book than the field does.,analysis,provided practice data
"Ran the same 5k route weekly for a year, 47 runs. The variance by day of week was larger than my improvement over the middle six months. Tuesday runs averaged 22 seconds faster than Saturday ones, and I think it's just that Saturdays followed long runs.",analysis,provided practice data
"The entry fee went from 45 to 72 over four years. Field size went from 3,200 to 3,400. Whatever the extra 27 is paying for, it isn't capacity.",analysis,provided practice data
"Went back through my logs for every race where I hit my goal. All four had a three-week taper. The two where I tapered for ten days I missed by over two minutes. Small sample, but it's the only variable that lines up.",analysis,provided practice data
The women's field here has grown 60% in five years while the men's is flat. That's the actual story of this race and nobody writes about it.,analysis,provided practice data
"Tried the low-carb approach for eight weeks. Easy pace at the same heart rate dropped by 15 seconds a mile and never came back until I reintroduced carbohydrate. Whatever it does for fat oxidation, it cost me aerobic pace.",analysis,provided practice data
"Compared finishing times for people who did the club's structured plan against those who self-coached. Structured group averaged 6 minutes faster, but they also averaged 8 more miles a week. The plan may just be a mileage delivery mechanism.",analysis,provided practice data
"Three of my last five injuries came within two weeks of a shoe change. I'm not saying the shoes caused it, but I've stopped changing models in a build-up.",analysis,provided practice data
"Split the field by finish time and looked at DNF rates. Under 3:30, about 1%. Over 5 hours, about 9%. The cutoff is at 6 hours and the aid stations start closing at 5:15, which might explain more of that than fitness does.",analysis,provided practice data
"Elevation gain on the official profile is 340m. My watch says 410m and so do the four other people I've compared with. The profile is either smoothed or wrong, and it matters for pacing the last 10k.",analysis,provided practice data
"Went through five years of my own training. Every year my best race followed a block with at least eight weeks of uninterrupted running. Every year I got injured, it was in a week where I'd added both mileage and intensity.",analysis,provided practice data
"The pace group at 3:30 finished in 3:34 last year and 3:31 the year before. If you're using them as a safety net, know that the net has a hole in it roughly every other year.",analysis,provided practice data
"Bought a treadmill in January and my outdoor pace got worse by about 10 seconds a mile through February. Same heart rate, same effort. I think the treadmill was flattering me on effort and I'd stopped running hills entirely.",analysis,provided practice data
"Twelve weeks of doubles versus twelve weeks of single runs at the same weekly volume. Doubles block: more consistent, no missed days, race 90 seconds faster. Singles block: two missed weeks from fatigue. For me the split makes the volume survivable.",analysis,provided practice data
Super shoes have ruined amateur racing. Times mean nothing now and everyone knows it.,hot_take,provided practice data
Anyone running more than 60 miles a week without a coach is just accumulating injuries on a schedule.,hot_take,provided practice data
The marathon is overrated as a distance. The half is where the actual racing happens and always has been.,hot_take,provided practice data
Heart rate training is a fad that sells watches. Run by feel like people did for eighty years.,hot_take,provided practice data
This course is the hardest in the region and it isn't close.,hot_take,provided practice data
Strength training is a distraction for distance runners. The time is better spent running.,hot_take,provided practice data
Every popular training plan is the same plan with the weeks shuffled.,hot_take,provided practice data
Racing more than twice a year is how you stay mediocre forever.,hot_take,provided practice data
The best runners in this forum are all people who never post their training.,hot_take,provided practice data
Negative splitting is a myth that people repeat because it sounds disciplined.,hot_take,provided practice data
Trail running has better people and worse racing. Both of those are obvious to anyone who's done both.,hot_take,provided practice data
A sub-3 marathon is more impressive than most people's entire athletic career and runners undersell it constantly.,hot_take,provided practice data
Nobody needs a gel before 90 minutes. The whole fuelling industry is built on people panicking.,hot_take,provided practice data
Track workouts are for people who like feeling fast more than getting fast.,hot_take,provided practice data
The entry fees are a scandal and everyone's decided to be fine with it.,hot_take,provided practice data
"Anyone who says they enjoy the marathon distance is describing the finish, not the race.",hot_take,provided practice data
This forum massively overrates mileage and underrates sleep.,hot_take,provided practice data
The 5k is the only honest distance. Everything longer is a logistics competition.,hot_take,provided practice data
"Coaches mostly provide accountability, not expertise, and the good ones would admit it.",hot_take,provided practice data
Running in the cold is straightforwardly better and the people who disagree haven't dressed properly.,hot_take,provided practice data
Just got back from the long run and I cannot feel my hands. Worth it though.,reaction,provided practice data
Watching this finish live and I'm genuinely shaking. What a race.,reaction,provided practice data
Missed my goal by eleven seconds. Eleven. I'm going to be thinking about that for a month.,reaction,provided practice data
Woke up to snow on race morning. Absolutely gutted.,reaction,provided practice data
First time under 20 for the 5k and I nearly cried at the finish line. Four years I've been chasing that.,reaction,provided practice data
Well that was miserable. Twenty miles into a headwind and I'm questioning everything.,reaction,provided practice data
Got my entry! Been refreshing that page for forty minutes.,reaction,provided practice data
Achilles is sore again and I want to throw something.,reaction,provided practice data
Just watched someone in a full costume run past me at mile 20 and I've never felt worse about myself.,reaction,provided practice data
That last kilometre was the best I've felt in a race in years. Still buzzing.,reaction,provided practice data
Rained the entire four hours. Every single minute. I'm never doing this again and I've already entered next year.,reaction,provided practice data
My watch died at mile 18 and I finished on feel. Somehow ran my fastest last 10k.,reaction,provided practice data
Standing at the finish waiting for my sister and I'm more nervous than I was for my own race.,reaction,provided practice data
Two weeks out and I've picked up a cold. Timing could not be worse.,reaction,provided practice data
Absolutely buried myself on that tempo and I regret nothing.,reaction,provided practice data
Saw the 3:00 pacer go past at halfway and knew immediately it wasn't my day.,reaction,provided practice data
"Legs are wrecked, back is fine, and I have no idea what that means.",reaction,provided practice data
Just signed up for my first marathon and I'm equal parts excited and terrified.,reaction,provided practice data
Finished. Sat down on the kerb. Have not moved in ten minutes.,reaction,provided practice data
"Beautiful morning for it, cannot complain about anything today.",reaction,provided practice data
